<?xml version="1.0" encoding="UTF-8" standalone="yes"?>
<addon id="repository.radiocore" name="RadioCore" version="0.0.1" provider-name="MrKrotos">
	<extension point="xbmc.addon.repository" name="RadioCore">
		<dir>
			<info compressed="false">https://raw.githubusercontent.com/totalrevolution/python-koding/master/zips/addons.xml</info>
			<checksum>https://raw.githubusercontent.com/totalrevolution/python-koding/master/zips/addons.xml.md5</checksum>
			<datadir zip="true">https://raw.githubusercontent.com/totalrevolution/python-koding/master/zips/</datadir>
		</dir>
		<info compressed="false">https://raw.githubusercontent.com/MrKrotos/repository.radiocore/master/zips/addons.xml</info>
		<checksum>https://raw.githubusercontent.com/MrKrotos/repository.radiocore/master/zips/addons.xml.md5</checksum>
		<datadir zip="true">https://raw.githubusercontent.com/MrKrotos/repository.radiocore/master/zips/</datadir>
	</extension>
	<extension point="xbmc.addon.metadata">
		<summary lang="en">Simple Radio Add-on</summary>
		<description lang="en">Simple Radio Add-on</description>
		<genre>music,radio,belgian,danish,finnish,french,german,irish,polish,romanian,russian,spanish,swedish,uk,usa</genre>
	</extension>
</addon>